regionId	source	title
afghanistan	en	Afghanistan
afghanistan	it	Afghanistan
afghanistan	wp_cibo	Cucina afghana
afghanistan	wp_conn	-
afghanistan	wp_usi	-
afghanistan	wp_vita	-
albania	en	Albania
albania	it	Albania
albania	wp_cibo	Cucina albanese
albania	wp_conn	-
albania	wp_usi	-
albania	wp_vita	Media in Albania
algeria	en	Algeria
algeria	it	Algeria
algeria	wp_cibo	Cucina algerina
algeria	wp_conn	-
algeria	wp_usi	-
algeria	wp_vita	-
andorra	en	Andorra
andorra	it	Andorra
andorra	wp_cibo	Cucina catalana
andorra	wp_conn	-
andorra	wp_usi	-
andorra	wp_vita	-
angola	en	Angola
angola	it	Angola
angola	wp_cibo	Cucina angolana
angola	wp_conn	-
angola	wp_usi	-
angola	wp_vita	-
anguilla	en	Anguilla
anguilla	it	Anguilla (isola)
anguilla	wp_cibo	-
anguilla	wp_conn	-
anguilla	wp_usi	-
anguilla	wp_vita	-
antartide	en	Antarctica
antartide	it	Antartide
antigua-barbuda	en	Antigua and Barbuda
antigua-barbuda	it	Antigua e Barbuda
antigua-barbuda	wp_cibo	Cucina di Antigua e Barbuda
antigua-barbuda	wp_conn	-
antigua-barbuda	wp_usi	-
antigua-barbuda	wp_vita	-
arabia-saudita	en	Saudi Arabia
arabia-saudita	it	Arabia Saudita
arabia-saudita	wp_cibo	Cucina saudita
arabia-saudita	wp_conn	-
arabia-saudita	wp_usi	-
arabia-saudita	wp_vita	-
argentina	en	Argentina
argentina	it	Argentina
argentina	wp_cibo	Cucina argentina
argentina	wp_conn	-
argentina	wp_usi	-
argentina	wp_vita	-
armenia	en	Armenia
armenia	it	Armenia
armenia	wp_cibo	Cucina armena
armenia	wp_conn	-
armenia	wp_usi	-
armenia	wp_vita	-
aruba	en	Aruba
aruba	it	Aruba
aruba	wp_cibo	-
aruba	wp_conn	-
aruba	wp_usi	-
aruba	wp_vita	-
australia	en	Australia
australia	it	Australia
australia	wp_cibo	Cucina australiana
australia	wp_conn	-
australia	wp_usi	Cultura dell'Australia
australia	wp_vita	-
austria	en	Austria
austria	it	Austria
austria	wp_cibo	Cucina austriaca
austria	wp_conn	-
austria	wp_usi	-
austria	wp_vita	-
azerbaigian	en	Azerbaijan
azerbaigian	it	Azerbaigian
azerbaigian	wp_cibo	Cucina azera
azerbaigian	wp_conn	-
azerbaigian	wp_usi	Cultura dell'Azerbaigian
azerbaigian	wp_vita	-
bahamas	en	The Bahamas
bahamas	it	Bahamas
bahamas	wp_cibo	Cucina bahamense
bahamas	wp_conn	-
bahamas	wp_usi	-
bahamas	wp_vita	-
bahrein	en	Bahrain
bahrein	it	Bahrein
bahrein	wp_cibo	Cucina bahreinita
bahrein	wp_conn	-
bahrein	wp_usi	-
bahrein	wp_vita	-
bangladesh	en	Bangladesh
bangladesh	it	Bangladesh
bangladesh	wp_cibo	Cucina del Bangladesh
bangladesh	wp_conn	-
bangladesh	wp_usi	-
bangladesh	wp_vita	-
barbados	en	Barbados
barbados	it	Barbados
barbados	wp_cibo	Cucina barbadiana
barbados	wp_conn	-
barbados	wp_usi	-
barbados	wp_vita	-
belgio	en	Belgium
belgio	it	Belgio
belgio	wp_cibo	Cucina belga
belgio	wp_conn	-
belgio	wp_usi	-
belgio	wp_vita	-
belize	en	Belize
belize	it	Belize
belize	wp_cibo	Cucina beliziana
belize	wp_conn	-
belize	wp_usi	-
belize	wp_vita	-
benin	en	Benin
benin	it	Benin
benin	wp_cibo	Cucina beninese
benin	wp_conn	-
benin	wp_usi	-
benin	wp_vita	-
bermuda	en	Bermuda
bermuda	it	Bermuda
bermuda	wp_cibo	-
bermuda	wp_conn	-
bermuda	wp_usi	-
bermuda	wp_vita	-
bhutan	en	Bhutan
bhutan	it	Bhutan
bhutan	wp_cibo	Cucina bhutanese
bhutan	wp_conn	-
bhutan	wp_usi	Cultura del Bhutan
bhutan	wp_vita	-
bielorussia	en	Belarus
bielorussia	it	Bielorussia
bielorussia	wp_cibo	Cucina bielorussa
bielorussia	wp_conn	-
bielorussia	wp_usi	-
bielorussia	wp_vita	-
bolivia	en	Bolivia
bolivia	it	Bolivia
bolivia	wp_cibo	Cucina boliviana
bolivia	wp_conn	-
bolivia	wp_usi	-
bolivia	wp_vita	-
bonaire	en	Bonaire
bonaire	it	Bonaire
bonaire	wp_cibo	-
bonaire	wp_conn	-
bonaire	wp_usi	-
bonaire	wp_vita	-
bosnia-erzegovina	en	Bosnia and Herzegovina
bosnia-erzegovina	it	Bosnia ed Erzegovina
bosnia-erzegovina	wp_cibo	Cucina bosniaca
bosnia-erzegovina	wp_conn	-
bosnia-erzegovina	wp_usi	-
bosnia-erzegovina	wp_vita	-
botswana	en	Botswana
botswana	it	Botswana
botswana	wp_cibo	Cucina botswana
botswana	wp_conn	-
botswana	wp_usi	-
botswana	wp_vita	-
brasile	en	Brazil
brasile	it	Brasile
brasile	wp_cibo	Cucina brasiliana
brasile	wp_conn	-
brasile	wp_usi	-
brasile	wp_vita	-
brunei	en	Brunei
brunei	it	Brunei
brunei	wp_cibo	Cucina bruneiana
brunei	wp_conn	-
brunei	wp_usi	-
brunei	wp_vita	-
bulgaria	en	Bulgaria
bulgaria	it	Bulgaria
bulgaria	wp_cibo	Cucina bulgara
bulgaria	wp_conn	-
bulgaria	wp_usi	-
bulgaria	wp_vita	-
burkina-faso	en	Burkina Faso
burkina-faso	it	Burkina Faso
burkina-faso	wp_cibo	Cucina burkinabé
burkina-faso	wp_conn	-
burkina-faso	wp_usi	-
burkina-faso	wp_vita	-
burundi	en	Burundi
burundi	it	Burundi
burundi	wp_cibo	Cucina burundese
burundi	wp_conn	-
burundi	wp_usi	-
burundi	wp_vita	-
cambogia	en	Cambodia
cambogia	it	Cambogia
cambogia	wp_cibo	Cucina cambogiana
cambogia	wp_conn	-
cambogia	wp_usi	-
cambogia	wp_vita	-
camerun	en	Cameroon
camerun	it	Camerun
camerun	wp_cibo	Cucina camerunense
camerun	wp_conn	-
camerun	wp_usi	-
camerun	wp_vita	-
canada	en	Canada
canada	it	Canada
capo-verde	en	Cape Verde
capo-verde	it	Capo Verde
capo-verde	wp_cibo	Cucina capoverdiana
capo-verde	wp_conn	-
capo-verde	wp_usi	-
capo-verde	wp_vita	-
ciad	en	Chad
ciad	it	Ciad
ciad	wp_cibo	Cucina ciadiana
ciad	wp_conn	-
ciad	wp_usi	-
ciad	wp_vita	-
cile	en	Chile
cile	it	Cile
cile	wp_cibo	Cucina cilena
cile	wp_conn	-
cile	wp_usi	-
cile	wp_vita	-
cina-anhui	en	Anhui
cina-anhui	it	Anhui
cina-anhui	wp_cibo	Cucina dell'Anhui
cina-anhui	wp_conn	-
cina-anhui	wp_usi	-
cina-anhui	wp_vita	-
cina-chongqing	en	Chongqing
cina-chongqing	it	-
cina-chongqing	wp_cibo	-
cina-chongqing	wp_conn	-
cina-chongqing	wp_usi	-
cina-chongqing	wp_vita	-
cina-fujian	en	Fujian
cina-fujian	it	Fujian
cina-fujian	wp_cibo	Cucina del Fujian
cina-fujian	wp_conn	-
cina-fujian	wp_usi	-
cina-fujian	wp_vita	-
cina-gansu	en	Gansu
cina-gansu	it	Gansu
cina-gansu	wp_cibo	-
cina-gansu	wp_conn	-
cina-gansu	wp_usi	-
cina-gansu	wp_vita	-
cina-guangdong	en	Guangdong
cina-guangdong	it	Guangdong
cina-guangdong	wp_cibo	Cucina cantonese
cina-guangdong	wp_conn	-
cina-guangdong	wp_usi	-
cina-guangdong	wp_vita	-
cina-guangxi	en	Guangxi
cina-guangxi	it	Guangxi
cina-guangxi	wp_cibo	-
cina-guangxi	wp_conn	-
cina-guangxi	wp_usi	-
cina-guangxi	wp_vita	-
cina-guizhou	en	Guizhou
cina-guizhou	it	Guizhou
cina-guizhou	wp_cibo	-
cina-guizhou	wp_conn	-
cina-guizhou	wp_usi	-
cina-guizhou	wp_vita	-
cina-hainan	en	Hainan
cina-hainan	it	Hainan
cina-hainan	wp_cibo	-
cina-hainan	wp_conn	-
cina-hainan	wp_usi	-
cina-hainan	wp_vita	-
cina-hebei	en	Hebei
cina-hebei	it	Hebei
cina-hebei	wp_cibo	-
cina-hebei	wp_conn	-
cina-hebei	wp_usi	-
cina-hebei	wp_vita	-
cina-heilongjiang	en	Heilongjiang
cina-heilongjiang	it	Heilongjiang
cina-heilongjiang	wp_cibo	-
cina-heilongjiang	wp_conn	-
cina-heilongjiang	wp_usi	-
cina-heilongjiang	wp_vita	-
cina-henan	en	Henan
cina-henan	it	Henan
cina-henan	wp_cibo	-
cina-henan	wp_conn	-
cina-henan	wp_usi	-
cina-henan	wp_vita	-
cina-hubei	en	Hubei
cina-hubei	it	Hubei
cina-hubei	wp_cibo	-
cina-hubei	wp_conn	-
cina-hubei	wp_usi	-
cina-hubei	wp_vita	-
cina-hunan	en	Hunan
cina-hunan	it	Hunan
cina-hunan	wp_cibo	Cucina dello Hunan
cina-hunan	wp_conn	-
cina-hunan	wp_usi	-
cina-hunan	wp_vita	-
cina-jiangsu	en	Jiangsu
cina-jiangsu	it	Jiangsu
cina-jiangsu	wp_cibo	Cucina dello Jiangsu
cina-jiangsu	wp_conn	-
cina-jiangsu	wp_usi	-
cina-jiangsu	wp_vita	-
cina-jiangxi	en	Jiangxi
cina-jiangxi	it	Jiangxi
cina-jiangxi	wp_cibo	Cucina del Jiangxi
cina-jiangxi	wp_conn	-
cina-jiangxi	wp_usi	-
cina-jiangxi	wp_vita	-
cina-jilin	en	Jilin
cina-jilin	it	Jilin (provincia)
cina-jilin	wp_cibo	-
cina-jilin	wp_conn	-
cina-jilin	wp_usi	-
cina-jilin	wp_vita	-
cina-liaoning	en	Liaoning
cina-liaoning	it	Liaoning
cina-liaoning	wp_cibo	-
cina-liaoning	wp_conn	-
cina-liaoning	wp_usi	-
cina-liaoning	wp_vita	-
cina-mongolia-interna	en	Inner Mongolia
cina-mongolia-interna	it	Mongolia Interna
cina-mongolia-interna	wp_cibo	-
cina-mongolia-interna	wp_conn	-
cina-mongolia-interna	wp_usi	-
cina-mongolia-interna	wp_vita	-
cina-ningxia	en	Ningxia
cina-ningxia	it	Ningxia
cina-ningxia	wp_cibo	-
cina-ningxia	wp_conn	-
cina-ningxia	wp_usi	-
cina-ningxia	wp_vita	-
cina-pechino	en	Beijing
cina-pechino	it	Pechino
cina-pechino	wp_cibo	Cucina pechinese
cina-pechino	wp_conn	-
cina-pechino	wp_usi	-
cina-pechino	wp_vita	-
cina-qinghai	en	Qinghai
cina-qinghai	it	Qinghai
cina-qinghai	wp_cibo	-
cina-qinghai	wp_conn	-
cina-qinghai	wp_usi	-
cina-qinghai	wp_vita	-
cina-shaanxi	en	Shaanxi
cina-shaanxi	it	Shaanxi
cina-shaanxi	wp_cibo	-
cina-shaanxi	wp_conn	-
cina-shaanxi	wp_usi	-
cina-shaanxi	wp_vita	-
cina-shandong	en	Shandong
cina-shandong	it	Shandong
cina-shandong	wp_cibo	Cucina dello Shandong
cina-shandong	wp_conn	-
cina-shandong	wp_usi	-
cina-shandong	wp_vita	-
cina-shanghai	en	Shanghai
cina-shanghai	it	Shanghai
cina-shanghai	wp_cibo	Cucina di Shanghai
cina-shanghai	wp_conn	-
cina-shanghai	wp_usi	-
cina-shanghai	wp_vita	-
cina-shanxi	en	Shanxi
cina-shanxi	it	Shanxi
cina-shanxi	wp_cibo	-
cina-shanxi	wp_conn	-
cina-shanxi	wp_usi	-
cina-shanxi	wp_vita	-
cina-sichuan	en	Sichuan
cina-sichuan	it	Sichuan
cina-sichuan	wp_cibo	Cucina del Sichuan
cina-sichuan	wp_conn	-
cina-sichuan	wp_usi	-
cina-sichuan	wp_vita	-
cina-tianjin	en	Tianjin
cina-tianjin	it	Tientsin
cina-tianjin	wp_cibo	-
cina-tianjin	wp_conn	-
cina-tianjin	wp_usi	-
cina-tianjin	wp_vita	-
cina-tibet	en	Tibet
cina-tibet	it	Regione Autonoma del Tibet
cina-tibet	wp_cibo	Cucina tibetana
cina-tibet	wp_conn	-
cina-tibet	wp_usi	-
cina-tibet	wp_vita	-
cina-xinjiang	en	Xinjiang
cina-xinjiang	it	Xinjiang
cina-xinjiang	wp_cibo	-
cina-xinjiang	wp_conn	-
cina-xinjiang	wp_usi	-
cina-xinjiang	wp_vita	-
cina-yunnan	en	Yunnan
cina-yunnan	it	Yunnan
cina-yunnan	wp_cibo	-
cina-yunnan	wp_conn	-
cina-yunnan	wp_usi	-
cina-yunnan	wp_vita	-
cina-zhejiang	en	Zhejiang
cina-zhejiang	it	Zhejiang
cina-zhejiang	wp_cibo	Cucina dello Zhejiang
cina-zhejiang	wp_conn	-
cina-zhejiang	wp_usi	-
cina-zhejiang	wp_vita	-
cipro	en	Cyprus
cipro	it	Cipro
cipro	wp_cibo	Cucina cipriota
cipro	wp_conn	-
cipro	wp_usi	-
cipro	wp_vita	-
citta-del-vaticano	en	Vatican City
citta-del-vaticano	it	Città del Vaticano
citta-del-vaticano	wp_cibo	-
citta-del-vaticano	wp_conn	-
citta-del-vaticano	wp_usi	-
citta-del-vaticano	wp_vita	-
colombia	en	Colombia
colombia	it	Colombia
colombia	wp_cibo	Cucina colombiana
colombia	wp_conn	-
colombia	wp_usi	-
colombia	wp_vita	-
colombia-san-andres	en	San Andres and Providencia
colombia-san-andres	it	Regione insulare della Colombia
colombia-san-andres	wp_cibo	-
colombia-san-andres	wp_conn	-
colombia-san-andres	wp_usi	-
colombia-san-andres	wp_vita	-
comore	en	Comoros
comore	it	Comore
comore	wp_cibo	Cucina comoriana
comore	wp_conn	-
comore	wp_usi	-
comore	wp_vita	-
congo	en	Republic of the Congo
congo	it	Repubblica del Congo
congo	wp_cibo	-
congo	wp_conn	-
congo	wp_usi	-
congo	wp_vita	-
congo-rd	en	Democratic Republic of the Congo
congo-rd	it	Repubblica Democratica del Congo
congo-rd	wp_cibo	-
congo-rd	wp_conn	-
congo-rd	wp_usi	Cultura della Repubblica Democratica del Congo
congo-rd	wp_vita	-
corea-del-nord	en	North Korea
corea-del-nord	it	Corea del Nord
corea-del-nord	wp_cibo	-
corea-del-nord	wp_conn	-
corea-del-nord	wp_usi	-
corea-del-nord	wp_vita	-
corea-del-sud	en	South Korea
corea-del-sud	it	Corea del Sud
corea-del-sud	wp_cibo	-
corea-del-sud	wp_conn	-
corea-del-sud	wp_usi	-
corea-del-sud	wp_vita	-
costa-avorio	en	Ivory Coast
costa-avorio	it	Costa d'Avorio
costa-avorio	wp_cibo	Cucina ivoriana
costa-avorio	wp_conn	-
costa-avorio	wp_usi	-
costa-avorio	wp_vita	-
costa-rica	en	Costa Rica
costa-rica	it	Costa Rica
costa-rica	wp_cibo	Cucina costaricana
costa-rica	wp_conn	-
costa-rica	wp_usi	-
costa-rica	wp_vita	-
croazia	en	Croatia
croazia	it	Croazia
croazia	wp_cibo	Cucina croata
croazia	wp_conn	-
croazia	wp_usi	-
croazia	wp_vita	Media in Croazia
cuba	en	Cuba
cuba	it	Cuba
cuba	wp_cibo	Cucina cubana
cuba	wp_conn	-
cuba	wp_usi	-
cuba	wp_vita	-
curacao	en	Curacao
curacao	it	Curaçao
curacao	wp_cibo	-
curacao	wp_conn	-
curacao	wp_usi	-
curacao	wp_vita	-
danimarca	en	Denmark
danimarca	it	Danimarca
danimarca	wp_cibo	Cucina danese
danimarca	wp_conn	-
danimarca	wp_usi	-
danimarca	wp_vita	-
dominica	en	Dominica
dominica	it	Dominica
dominica	wp_cibo	-
dominica	wp_conn	-
dominica	wp_usi	-
dominica	wp_vita	-
ecuador	en	Ecuador
ecuador	it	Ecuador
ecuador	wp_cibo	Cucina ecuadoriana
ecuador	wp_conn	-
ecuador	wp_usi	-
ecuador	wp_vita	-
egitto	en	Egypt
egitto	it	Egitto
egitto	wp_cibo	Cucina egiziana
egitto	wp_conn	-
egitto	wp_usi	-
egitto	wp_vita	-
el-salvador	en	El Salvador
el-salvador	it	El Salvador
el-salvador	wp_cibo	Cucina salvadoregna
el-salvador	wp_conn	-
el-salvador	wp_usi	-
el-salvador	wp_vita	-
emirati-arabi-uniti	en	United Arab Emirates
emirati-arabi-uniti	it	Emirati Arabi Uniti
emirati-arabi-uniti	wp_cibo	Cucina emiratina
emirati-arabi-uniti	wp_conn	-
emirati-arabi-uniti	wp_usi	-
emirati-arabi-uniti	wp_vita	-
eritrea	en	Eritrea
eritrea	it	Eritrea
eritrea	wp_cibo	Cucina eritrea
eritrea	wp_conn	-
eritrea	wp_usi	-
eritrea	wp_vita	-
estonia	en	Estonia
estonia	it	Estonia
estonia	wp_cibo	Cucina estone
estonia	wp_conn	Telecomunicazioni in Estonia
estonia	wp_usi	-
estonia	wp_vita	-
eswatini	en	Eswatini
eswatini	it	ESwatini
eswatini	wp_cibo	Cucina swati
eswatini	wp_conn	-
eswatini	wp_usi	-
eswatini	wp_vita	-
etiopia	en	Ethiopia
etiopia	it	Etiopia
etiopia	wp_cibo	Cucina etiopica
etiopia	wp_conn	-
etiopia	wp_usi	-
etiopia	wp_vita	-
figi-lau	en	Fiji
figi-lau	it	Figi
figi-lau	wp_cibo	-
figi-lau	wp_conn	-
figi-lau	wp_usi	-
figi-lau	wp_vita	-
figi-occidentali	en	Fiji
figi-occidentali	it	Figi
figi-occidentali	wp_cibo	-
figi-occidentali	wp_conn	-
figi-occidentali	wp_usi	-
figi-occidentali	wp_vita	-
filippine	en	Philippines
filippine	it	Filippine
filippine	wp_cibo	Cucina filippina
filippine	wp_conn	-
filippine	wp_usi	-
filippine	wp_vita	-
finlandia	en	Finland
finlandia	it	Finlandia
finlandia	wp_cibo	Cucina finlandese
finlandia	wp_conn	-
finlandia	wp_usi	Cultura finlandese
finlandia	wp_vita	-
francia-alta-francia	en	Hauts-de-France
francia-alta-francia	it	-
francia-alta-francia	wp_cibo	-
francia-alta-francia	wp_conn	-
francia-alta-francia	wp_usi	-
francia-alta-francia	wp_vita	-
francia-alvernia-rodano-alpi	en	Auvergne-Rhône-Alpes
francia-alvernia-rodano-alpi	it	-
francia-alvernia-rodano-alpi	wp_cibo	-
francia-alvernia-rodano-alpi	wp_conn	-
francia-alvernia-rodano-alpi	wp_usi	-
francia-alvernia-rodano-alpi	wp_vita	-
francia-borgogna-franca-contea	en	Bourgogne-Franche-Comté
francia-borgogna-franca-contea	it	-
francia-borgogna-franca-contea	wp_cibo	-
francia-borgogna-franca-contea	wp_conn	-
francia-borgogna-franca-contea	wp_usi	-
francia-borgogna-franca-contea	wp_vita	-
francia-bretagna	en	Brittany
francia-bretagna	it	Bretagna
francia-bretagna	wp_cibo	-
francia-bretagna	wp_conn	-
francia-bretagna	wp_usi	-
francia-bretagna	wp_vita	-
francia-centro-valle-della-loira	en	Centre-Val de Loire
francia-centro-valle-della-loira	it	Centro-Valle della Loira
francia-centro-valle-della-loira	wp_cibo	-
francia-centro-valle-della-loira	wp_conn	-
francia-centro-valle-della-loira	wp_usi	-
francia-centro-valle-della-loira	wp_vita	-
francia-corsica	en	Corsica
francia-corsica	it	Corsica
francia-corsica	wp_cibo	Cucina corsa
francia-corsica	wp_conn	-
francia-corsica	wp_usi	-
francia-corsica	wp_vita	-
francia-grand-est	en	Grand Est
francia-grand-est	it	-
francia-grand-est	wp_cibo	-
francia-grand-est	wp_conn	-
francia-grand-est	wp_usi	-
francia-grand-est	wp_vita	-
francia-ile-de-france	en	Île-de-France
francia-ile-de-france	it	Île-de-France
francia-ile-de-france	wp_cibo	-
francia-ile-de-france	wp_conn	-
francia-ile-de-france	wp_usi	-
francia-ile-de-france	wp_vita	-
francia-normandia	en	Normandy
francia-normandia	it	Normandia
francia-normandia	wp_cibo	-
francia-normandia	wp_conn	-
francia-normandia	wp_usi	-
francia-normandia	wp_vita	-
francia-nuova-aquitania	en	Nouvelle-Aquitaine
francia-nuova-aquitania	it	-
francia-nuova-aquitania	wp_cibo	-
francia-nuova-aquitania	wp_conn	-
francia-nuova-aquitania	wp_usi	-
francia-nuova-aquitania	wp_vita	-
francia-occitania	en	Occitanie
francia-occitania	it	-
francia-occitania	wp_cibo	-
francia-occitania	wp_conn	-
francia-occitania	wp_usi	-
francia-occitania	wp_vita	-
francia-paesi-della-loira	en	Pays de la Loire
francia-paesi-della-loira	it	Paesi della Loira
francia-paesi-della-loira	wp_cibo	-
francia-paesi-della-loira	wp_conn	-
francia-paesi-della-loira	wp_usi	-
francia-paesi-della-loira	wp_vita	-
francia-provenza-alpi-costa-azzurra	en	Provence-Alpes-Côte d'Azur
francia-provenza-alpi-costa-azzurra	it	Provenza-Alpi-Costa Azzurra
francia-provenza-alpi-costa-azzurra	wp_cibo	-
francia-provenza-alpi-costa-azzurra	wp_conn	-
francia-provenza-alpi-costa-azzurra	wp_usi	-
francia-provenza-alpi-costa-azzurra	wp_vita	-
gabon	en	Gabon
gabon	it	Gabon
gabon	wp_cibo	Cucina gabonese
gabon	wp_conn	-
gabon	wp_usi	-
gabon	wp_vita	-
gambia	en	Gambia
gambia	it	Gambia
gambia	wp_cibo	Cucina gambiana
gambia	wp_conn	-
gambia	wp_usi	-
gambia	wp_vita	-
georgia	en	Georgia
georgia	it	Georgia
georgia	wp_cibo	Cucina georgiana
georgia	wp_conn	-
georgia	wp_usi	-
georgia	wp_vita	-
germania	en	Germany
germania	it	Germania
germania	wp_cibo	Cucina tedesca
germania	wp_conn	-
germania	wp_usi	Cultura della Germania
germania	wp_vita	-
ghana	en	Ghana
ghana	it	Ghana
ghana	wp_cibo	Cucina ghanese
ghana	wp_conn	-
ghana	wp_usi	-
ghana	wp_vita	-
giamaica	en	Jamaica
giamaica	it	Giamaica
giamaica	wp_cibo	Cucina giamaicana
giamaica	wp_conn	-
giamaica	wp_usi	-
giamaica	wp_vita	-
giappone	en	Japan
giappone	it	Giappone
giappone	wp_cibo	Cucina giapponese
giappone	wp_conn	-
giappone	wp_usi	Cultura giapponese
giappone	wp_vita	Media in Giappone
gibilterra	en	Gibraltar
gibilterra	it	Gibilterra
gibilterra	wp_cibo	-
gibilterra	wp_conn	-
gibilterra	wp_usi	-
gibilterra	wp_vita	-
gibuti	en	Djibouti
gibuti	it	Gibuti
gibuti	wp_cibo	Cucina gibutiana
gibuti	wp_conn	-
gibuti	wp_usi	-
gibuti	wp_vita	-
giordania	en	Jordan
giordania	it	Giordania
giordania	wp_cibo	Cucina giordana
giordania	wp_conn	-
giordania	wp_usi	-
giordania	wp_vita	-
grecia	en	Greece
grecia	it	Grecia
grecia	wp_cibo	Cucina greca
grecia	wp_conn	-
grecia	wp_usi	-
grecia	wp_vita	-
grenada	en	Grenada
grenada	it	Grenada
grenada	wp_cibo	-
grenada	wp_conn	-
grenada	wp_usi	-
grenada	wp_vita	-
groenlandia	en	Greenland
groenlandia	it	Groenlandia
groenlandia	wp_cibo	Cucina groenlandese
groenlandia	wp_conn	-
groenlandia	wp_usi	-
groenlandia	wp_vita	-
guadalupa	en	Guadeloupe
guadalupa	it	Guadalupa
guadalupa	wp_cibo	-
guadalupa	wp_conn	-
guadalupa	wp_usi	-
guadalupa	wp_vita	-
guam	en	Guam
guam	it	Guam
guam	wp_cibo	-
guam	wp_conn	-
guam	wp_usi	-
guam	wp_vita	-
guatemala	en	Guatemala
guatemala	it	Guatemala
guatemala	wp_cibo	Cucina guatemalteca
guatemala	wp_conn	-
guatemala	wp_usi	-
guatemala	wp_vita	-
guinea	en	Guinea
guinea	it	Guinea
guinea	wp_cibo	Cucina guineana
guinea	wp_conn	-
guinea	wp_usi	-
guinea	wp_vita	-
guinea-bissau	en	Guinea-Bissau
guinea-bissau	it	Guinea-Bissau
guinea-bissau	wp_cibo	Cucina guineense
guinea-bissau	wp_conn	-
guinea-bissau	wp_usi	-
guinea-bissau	wp_vita	-
guinea-equatoriale	en	Equatorial Guinea
guinea-equatoriale	it	Guinea Equatoriale
guinea-equatoriale	wp_cibo	Cucina equatoguineana
guinea-equatoriale	wp_conn	-
guinea-equatoriale	wp_usi	-
guinea-equatoriale	wp_vita	-
guyana	en	Guyana
guyana	it	Guyana
guyana	wp_cibo	-
guyana	wp_conn	-
guyana	wp_usi	-
guyana	wp_vita	-
guyana-francese	en	French Guiana
guyana-francese	it	Guyana francese
guyana-francese	wp_cibo	-
guyana-francese	wp_conn	-
guyana-francese	wp_usi	-
guyana-francese	wp_vita	-
haiti	en	Haiti
haiti	it	Haiti
haiti	wp_cibo	Cucina haitiana
haiti	wp_conn	-
haiti	wp_usi	-
haiti	wp_vita	-
honduras	en	Honduras
honduras	it	Honduras
honduras	wp_cibo	Cucina honduregna
honduras	wp_conn	-
honduras	wp_usi	-
honduras	wp_vita	-
hong-kong	en	Hong Kong
hong-kong	it	Hong Kong
hong-kong	wp_cibo	Cucina di Hong Kong
hong-kong	wp_conn	-
hong-kong	wp_usi	-
hong-kong	wp_vita	-
india	en	India
india	it	India
india	wp_cibo	Cucina indiana
india	wp_conn	-
india	wp_usi	Cultura dell'India
india	wp_vita	-
indonesia	en	Indonesia
indonesia	it	Indonesia
indonesia	wp_cibo	Cucina indonesiana
indonesia	wp_conn	-
indonesia	wp_usi	-
indonesia	wp_vita	-
iran	en	Iran
iran	it	Iran
iran	wp_cibo	Cucina iraniana
iran	wp_conn	-
iran	wp_usi	Cultura dell'Iran
iran	wp_vita	-
iraq	en	Iraq
iraq	it	Iraq
iraq	wp_cibo	Cucina irachena
iraq	wp_conn	-
iraq	wp_usi	Cultura dell'Iraq
iraq	wp_vita	-
irlanda	en	Ireland
irlanda	it	Irlanda
irlanda	wp_cibo	Cucina irlandese
irlanda	wp_conn	-
irlanda	wp_usi	Cultura dell'Irlanda
irlanda	wp_vita	-
islanda	en	Iceland
islanda	it	Islanda
islanda	wp_cibo	Cucina islandese
islanda	wp_conn	-
islanda	wp_usi	Cultura dell'Islanda
islanda	wp_vita	-
isola-christmas	en	Christmas Island
isola-christmas	it	Isola di Natale
isola-christmas	wp_cibo	-
isola-christmas	wp_conn	-
isola-christmas	wp_usi	-
isola-christmas	wp_vita	-
isola-norfolk	en	Norfolk Island
isola-norfolk	it	Isola Norfolk
isola-norfolk	wp_cibo	-
isola-norfolk	wp_conn	-
isola-norfolk	wp_usi	-
isola-norfolk	wp_vita	-
isole-canarie	en	Canary Islands
isole-canarie	it	Isole Canarie
isole-canarie	wp_cibo	-
isole-canarie	wp_conn	-
isole-canarie	wp_usi	-
isole-canarie	wp_vita	-
isole-cayman	en	Cayman Islands
isole-cayman	it	Isole Cayman
isole-cayman	wp_cibo	-
isole-cayman	wp_conn	-
isole-cayman	wp_usi	-
isole-cayman	wp_vita	-
isole-cocos	en	Cocos Islands
isole-cocos	it	Isole Cocos (Keeling)
isole-cocos	wp_cibo	-
isole-cocos	wp_conn	-
isole-cocos	wp_usi	-
isole-cocos	wp_vita	-
isole-cook	en	Cook Islands
isole-cook	it	Isole Cook
isole-cook	wp_cibo	-
isole-cook	wp_conn	-
isole-cook	wp_usi	-
isole-cook	wp_vita	-
isole-falkland	en	Falkland Islands
isole-falkland	it	Isole Falkland
isole-falkland	wp_cibo	-
isole-falkland	wp_conn	-
isole-falkland	wp_usi	-
isole-falkland	wp_vita	-
isole-faroe	en	Faroe Islands
isole-faroe	it	Fær Øer
isole-faroe	wp_cibo	-
isole-faroe	wp_conn	-
isole-faroe	wp_usi	Cultura delle Fær Øer
isole-faroe	wp_vita	-
isole-marianne-settentrionali	en	Northern Mariana Islands
isole-marianne-settentrionali	it	Isole Marianne Settentrionali
isole-marianne-settentrionali	wp_cibo	-
isole-marianne-settentrionali	wp_conn	-
isole-marianne-settentrionali	wp_usi	-
isole-marianne-settentrionali	wp_vita	-
isole-marshall	en	Marshall Islands
isole-marshall	it	Isole Marshall
isole-marshall	wp_cibo	Cucina marshallese
isole-marshall	wp_conn	-
isole-marshall	wp_usi	-
isole-marshall	wp_vita	-
isole-pitcairn	en	Pitcairn Islands
isole-pitcairn	it	Isole Pitcairn
isole-pitcairn	wp_cibo	-
isole-pitcairn	wp_conn	-
isole-pitcairn	wp_usi	-
isole-pitcairn	wp_vita	-
isole-salomone	en	Solomon Islands
isole-salomone	it	Isole Salomone
isole-salomone	wp_cibo	-
isole-salomone	wp_conn	-
isole-salomone	wp_usi	-
isole-salomone	wp_vita	-
isole-vergini-americane	en	United States Virgin Islands
isole-vergini-americane	it	Isole Vergini Americane
isole-vergini-americane	wp_cibo	-
isole-vergini-americane	wp_conn	-
isole-vergini-americane	wp_usi	-
isole-vergini-americane	wp_vita	-
isole-vergini-britanniche	en	British Virgin Islands
isole-vergini-britanniche	it	Isole Vergini Britanniche
isole-vergini-britanniche	wp_cibo	-
isole-vergini-britanniche	wp_conn	-
isole-vergini-britanniche	wp_usi	-
isole-vergini-britanniche	wp_vita	-
israele	en	Israel
israele	it	Israele
israele	wp_cibo	Cucina israeliana
israele	wp_conn	-
israele	wp_usi	Cultura di Israele
israele	wp_vita	-
italia	en	Italy
italia	it	Italia
italia	wp_cibo	Cucina italiana
italia	wp_conn	-
italia	wp_usi	Cultura italiana
italia	wp_vita	-
kazakistan	en	Kazakhstan
kazakistan	it	Kazakistan
kazakistan	wp_cibo	Cucina kazaka
kazakistan	wp_conn	-
kazakistan	wp_usi	-
kazakistan	wp_vita	-
kenya	en	Kenya
kenya	it	Kenya
kenya	wp_cibo	-
kenya	wp_conn	-
kenya	wp_usi	-
kenya	wp_vita	-
kirghizistan	en	Kyrgyzstan
kirghizistan	it	Kirghizistan
kirghizistan	wp_cibo	Cucina kirghisa
kirghizistan	wp_conn	-
kirghizistan	wp_usi	-
kirghizistan	wp_vita	-
kiribati-gilbert	en	Kiribati
kiribati-gilbert	it	Kiribati
kiribati-gilbert	wp_cibo	-
kiribati-gilbert	wp_conn	-
kiribati-gilbert	wp_usi	-
kiribati-gilbert	wp_vita	-
kiribati-line	en	Kiribati
kiribati-line	it	Kiribati
kiribati-line	wp_cibo	-
kiribati-line	wp_conn	-
kiribati-line	wp_usi	-
kiribati-line	wp_vita	-
kosovo	en	Kosovo
kosovo	it	Kosovo
kosovo	wp_cibo	Cucina kosovara
kosovo	wp_conn	-
kosovo	wp_usi	-
kosovo	wp_vita	Media in Kosovo
kuwait	en	Kuwait
kuwait	it	Kuwait
kuwait	wp_cibo	Cucina kuwaitiana
kuwait	wp_conn	-
kuwait	wp_usi	-
kuwait	wp_vita	-
laos	en	Laos
laos	it	Laos
laos	wp_cibo	Cucina laotiana
laos	wp_conn	-
laos	wp_usi	-
laos	wp_vita	-
lesotho	en	Lesotho
lesotho	it	Lesotho
lesotho	wp_cibo	Cucina lesothiana
lesotho	wp_conn	-
lesotho	wp_usi	-
lesotho	wp_vita	-
lettonia	en	Latvia
lettonia	it	Lettonia
lettonia	wp_cibo	Cucina lettone
lettonia	wp_conn	-
lettonia	wp_usi	-
lettonia	wp_vita	-
libano	en	Lebanon
libano	it	Libano
libano	wp_cibo	Cucina libanese
libano	wp_conn	-
libano	wp_usi	-
libano	wp_vita	-
liberia	en	Liberia
liberia	it	Liberia
liberia	wp_cibo	Cucina liberiana
liberia	wp_conn	-
liberia	wp_usi	-
liberia	wp_vita	-
libia	en	Libya
libia	it	Libia
libia	wp_cibo	Cucina libica
libia	wp_conn	-
libia	wp_usi	-
libia	wp_vita	-
liechtenstein	en	Liechtenstein
liechtenstein	it	Liechtenstein
liechtenstein	wp_cibo	Cucina liechtensteinese
liechtenstein	wp_conn	-
liechtenstein	wp_usi	-
liechtenstein	wp_vita	-
lituania	en	Lithuania
lituania	it	Lituania
lituania	wp_cibo	Cucina lituana
lituania	wp_conn	-
lituania	wp_usi	-
lituania	wp_vita	-
lussemburgo	en	Luxembourg
lussemburgo	it	Lussemburgo
lussemburgo	wp_cibo	Cucina lussemburghese
lussemburgo	wp_conn	-
lussemburgo	wp_usi	-
lussemburgo	wp_vita	-
macao	en	Macau
macao	it	Macao
macao	wp_cibo	-
macao	wp_conn	-
macao	wp_usi	-
macao	wp_vita	-
macedonia-del-nord	en	North Macedonia
macedonia-del-nord	it	Macedonia del Nord
macedonia-del-nord	wp_cibo	Cucina macedone
macedonia-del-nord	wp_conn	-
macedonia-del-nord	wp_usi	-
macedonia-del-nord	wp_vita	-
madagascar	en	Madagascar
madagascar	it	Madagascar
madagascar	wp_cibo	Cucina malgascia
madagascar	wp_conn	-
madagascar	wp_usi	-
madagascar	wp_vita	-
malawi	en	Malawi
malawi	it	Malawi
malawi	wp_cibo	Cucina malawiana
malawi	wp_conn	-
malawi	wp_usi	-
malawi	wp_vita	-
maldive	en	Maldives
maldive	it	Maldive
maldive	wp_cibo	Cucina maldiviana
maldive	wp_conn	-
maldive	wp_usi	-
maldive	wp_vita	-
malesia	en	Malaysia
malesia	it	Malesia
malesia	wp_cibo	Cucina malaysiana
malesia	wp_conn	-
malesia	wp_usi	-
malesia	wp_vita	-
mali	en	Mali
mali	it	Mali
mali	wp_cibo	Cucina maliana
mali	wp_conn	-
mali	wp_usi	-
mali	wp_vita	-
malta	en	Malta
malta	it	Malta
malta	wp_cibo	Cucina maltese
malta	wp_conn	-
malta	wp_usi	Cultura di Malta
malta	wp_vita	-
marocco	en	Morocco
marocco	it	Marocco
marocco	wp_cibo	Cucina marocchina
marocco	wp_conn	-
marocco	wp_usi	-
marocco	wp_vita	-
martinica	en	Martinique
martinica	it	Martinica
martinica	wp_cibo	-
martinica	wp_conn	-
martinica	wp_usi	-
martinica	wp_vita	-
mauritania	en	Mauritania
mauritania	it	Mauritania
mauritania	wp_cibo	Cucina mauritana
mauritania	wp_conn	-
mauritania	wp_usi	-
mauritania	wp_vita	-
mauritius	en	Mauritius
mauritius	it	Mauritius
mauritius	wp_cibo	Cucina mauriziana
mauritius	wp_conn	-
mauritius	wp_usi	-
mauritius	wp_vita	-
mayotte	en	Mayotte
mayotte	it	Mayotte
mayotte	wp_cibo	-
mayotte	wp_conn	-
mayotte	wp_usi	-
mayotte	wp_vita	-
messico	en	Mexico
messico	it	Messico
messico	wp_cibo	Cucina messicana
messico	wp_conn	-
messico	wp_usi	-
messico	wp_vita	-
micronesia	en	Federated States of Micronesia
micronesia	it	Stati Federati di Micronesia
micronesia	wp_cibo	-
micronesia	wp_conn	-
micronesia	wp_usi	-
micronesia	wp_vita	-
moldavia	en	Moldova
moldavia	it	Moldavia
moldavia	wp_cibo	Cucina moldava
moldavia	wp_conn	-
moldavia	wp_usi	-
moldavia	wp_vita	-
monaco	en	Monaco
monaco	it	Principato di Monaco
monaco	wp_cibo	Cucina monegasca
monaco	wp_conn	-
monaco	wp_usi	-
monaco	wp_vita	-
mongolia	en	Mongolia
mongolia	it	Mongolia
mongolia	wp_cibo	Cucina mongola
mongolia	wp_conn	-
mongolia	wp_usi	-
mongolia	wp_vita	-
montenegro	en	Montenegro
montenegro	it	Montenegro
montenegro	wp_cibo	Cucina montenegrina
montenegro	wp_conn	-
montenegro	wp_usi	-
montenegro	wp_vita	-
montserrat	en	Montserrat
montserrat	it	Montserrat (isola)
montserrat	wp_cibo	-
montserrat	wp_conn	-
montserrat	wp_usi	-
montserrat	wp_vita	-
mozambico	en	Mozambique
mozambico	it	Mozambico
mozambico	wp_cibo	Cucina mozambicana
mozambico	wp_conn	-
mozambico	wp_usi	-
mozambico	wp_vita	-
myanmar	en	Myanmar
myanmar	it	Birmania
myanmar	wp_cibo	Cucina birmana
myanmar	wp_conn	-
myanmar	wp_usi	Cultura della Birmania
myanmar	wp_vita	-
namibia	en	Namibia
namibia	it	Namibia
namibia	wp_cibo	Cucina namibiana
namibia	wp_conn	-
namibia	wp_usi	-
namibia	wp_vita	-
nauru	en	Nauru
nauru	it	Nauru
nauru	wp_cibo	Cucina nauruana
nauru	wp_conn	-
nauru	wp_usi	-
nauru	wp_vita	-
nepal	en	Nepal
nepal	it	Nepal
nepal	wp_cibo	Cucina nepalese
nepal	wp_conn	-
nepal	wp_usi	-
nepal	wp_vita	-
nicaragua	en	Nicaragua
nicaragua	it	Nicaragua
nicaragua	wp_cibo	Cucina nicaraguense
nicaragua	wp_conn	-
nicaragua	wp_usi	-
nicaragua	wp_vita	-
niger	en	Niger
niger	it	Niger
niger	wp_cibo	Cucina nigerina
niger	wp_conn	-
niger	wp_usi	-
niger	wp_vita	-
nigeria	en	Nigeria
nigeria	it	Nigeria
nigeria	wp_cibo	Cucina nigeriana
nigeria	wp_conn	-
nigeria	wp_usi	-
nigeria	wp_vita	-
niue	en	Niue
niue	it	Niue
niue	wp_cibo	-
niue	wp_conn	-
niue	wp_usi	-
niue	wp_vita	-
norvegia	en	Norway
norvegia	it	Norvegia
norvegia	wp_cibo	Cucina norvegese
norvegia	wp_conn	-
norvegia	wp_usi	-
norvegia	wp_vita	-
nuova-caledonia	en	New Caledonia
nuova-caledonia	it	Nuova Caledonia
nuova-caledonia	wp_cibo	-
nuova-caledonia	wp_conn	-
nuova-caledonia	wp_usi	-
nuova-caledonia	wp_vita	-
nuova-zelanda	en	New Zealand
nuova-zelanda	it	Nuova Zelanda
nuova-zelanda	wp_cibo	Cucina neozelandese
nuova-zelanda	wp_conn	-
nuova-zelanda	wp_usi	-
nuova-zelanda	wp_vita	-
oman	en	Oman
oman	it	Oman
oman	wp_cibo	Cucina omanita
oman	wp_conn	-
oman	wp_usi	-
oman	wp_vita	-
paesi-bassi	en	Netherlands
paesi-bassi	it	Paesi Bassi
paesi-bassi	wp_cibo	Cucina olandese
paesi-bassi	wp_conn	-
paesi-bassi	wp_usi	-
paesi-bassi	wp_vita	-
pakistan	en	Pakistan
pakistan	it	Pakistan
pakistan	wp_cibo	Cucina pakistana
pakistan	wp_conn	-
pakistan	wp_usi	-
pakistan	wp_vita	-
palau	en	Palau
palau	it	Palau (stato)
palau	wp_cibo	-
palau	wp_conn	-
palau	wp_usi	-
palau	wp_vita	-
palestina	en	Palestinian Territories
palestina	it	Stato di Palestina
palestina	wp_cibo	-
palestina	wp_conn	-
palestina	wp_usi	-
palestina	wp_vita	-
panama	en	Panama
panama	it	Panama
panama	wp_cibo	Cucina panamense
panama	wp_conn	-
panama	wp_usi	-
panama	wp_vita	-
papua-nuova-guinea	en	Papua New Guinea
papua-nuova-guinea	it	Papua Nuova Guinea
papua-nuova-guinea	wp_cibo	-
papua-nuova-guinea	wp_conn	-
papua-nuova-guinea	wp_usi	-
papua-nuova-guinea	wp_vita	-
paraguay	en	Paraguay
paraguay	it	Paraguay
paraguay	wp_cibo	Cucina paraguaiana
paraguay	wp_conn	-
paraguay	wp_usi	-
paraguay	wp_vita	-
peru	en	Peru
peru	it	Perù
peru	wp_cibo	Cucina peruviana
peru	wp_conn	-
peru	wp_usi	-
peru	wp_vita	-
polinesia-francese	en	French Polynesia
polinesia-francese	it	Polinesia francese
polinesia-francese	wp_cibo	-
polinesia-francese	wp_conn	-
polinesia-francese	wp_usi	-
polinesia-francese	wp_vita	-
polonia	en	Poland
polonia	it	Polonia
polonia	wp_cibo	Cucina polacca
polonia	wp_conn	-
polonia	wp_usi	Cultura polacca
polonia	wp_vita	-
portogallo	en	Portugal
portogallo	it	Portogallo
portogallo	wp_cibo	Cucina portoghese
portogallo	wp_conn	-
portogallo	wp_usi	-
portogallo	wp_vita	-
portorico	en	Puerto Rico
portorico	it	Porto Rico
portorico	wp_cibo	Cucina portoricana
portorico	wp_conn	-
portorico	wp_usi	Cultura di Porto Rico
portorico	wp_vita	-
qatar	en	Qatar
qatar	it	Qatar
qatar	wp_cibo	Cucina qatariota
qatar	wp_conn	-
qatar	wp_usi	-
qatar	wp_vita	-
regno-unito	en	United Kingdom
regno-unito	it	Regno Unito
regno-unito	wp_cibo	Cucina britannica
regno-unito	wp_conn	-
regno-unito	wp_usi	-
regno-unito	wp_vita	-
repubblica-ceca	en	Czech Republic
repubblica-ceca	it	Repubblica Ceca
repubblica-ceca	wp_cibo	-
repubblica-ceca	wp_conn	-
repubblica-ceca	wp_usi	-
repubblica-ceca	wp_vita	-
repubblica-centrafricana	en	Central African Republic
repubblica-centrafricana	it	Repubblica Centrafricana
repubblica-centrafricana	wp_cibo	Cucina centrafricana
repubblica-centrafricana	wp_conn	-
repubblica-centrafricana	wp_usi	-
repubblica-centrafricana	wp_vita	-
repubblica-dominicana	en	Dominican Republic
repubblica-dominicana	it	Repubblica Dominicana
repubblica-dominicana	wp_cibo	-
repubblica-dominicana	wp_conn	-
repubblica-dominicana	wp_usi	-
repubblica-dominicana	wp_vita	-
riunione	en	Reunion
riunione	it	La Riunione
riunione	wp_cibo	Cucina della Riunione
riunione	wp_conn	-
riunione	wp_usi	-
riunione	wp_vita	-
romania	en	Romania
romania	it	Romania
romania	wp_cibo	Cucina rumena
romania	wp_conn	-
romania	wp_usi	-
romania	wp_vita	-
ruanda	en	Rwanda
ruanda	it	Ruanda
ruanda	wp_cibo	Cucina ruandese
ruanda	wp_conn	-
ruanda	wp_usi	-
ruanda	wp_vita	-
russia-caucaso-settentrionale	en	North Caucasus
russia-caucaso-settentrionale	it	Ciscaucasia
russia-caucaso-settentrionale	wp_cibo	-
russia-caucaso-settentrionale	wp_conn	-
russia-caucaso-settentrionale	wp_usi	-
russia-caucaso-settentrionale	wp_vita	-
russia-centro	en	Central Russia
russia-centro	it	Russia centrale
russia-centro	wp_cibo	-
russia-centro	wp_conn	-
russia-centro	wp_usi	-
russia-centro	wp_vita	-
russia-estremo-oriente	en	Russian Far East
russia-estremo-oriente	it	Russia orientale
russia-estremo-oriente	wp_cibo	-
russia-estremo-oriente	wp_conn	-
russia-estremo-oriente	wp_usi	-
russia-estremo-oriente	wp_vita	-
russia-kaliningrad	en	Kaliningrad
russia-kaliningrad	it	Kaliningrad
russia-kaliningrad	wp_cibo	-
russia-kaliningrad	wp_conn	-
russia-kaliningrad	wp_usi	-
russia-kaliningrad	wp_vita	-
russia-nord-europeo	en	Northwestern Russia
russia-nord-europeo	it	Russia nordoccidentale
russia-nord-europeo	wp_cibo	-
russia-nord-europeo	wp_conn	-
russia-nord-europeo	wp_usi	-
russia-nord-europeo	wp_vita	-
russia-nord-ovest	en	Northwestern Russia
russia-nord-ovest	it	Russia nordoccidentale
russia-nord-ovest	wp_cibo	-
russia-nord-ovest	wp_conn	-
russia-nord-ovest	wp_usi	-
russia-nord-ovest	wp_vita	-
russia-siberia	en	Siberia
russia-siberia	it	Siberia
russia-siberia	wp_cibo	-
russia-siberia	wp_conn	-
russia-siberia	wp_usi	-
russia-siberia	wp_vita	-
russia-terra-nera-centrale	en	Central Russia
russia-terra-nera-centrale	it	Russia centrale
russia-terra-nera-centrale	wp_cibo	-
russia-terra-nera-centrale	wp_conn	-
russia-terra-nera-centrale	wp_usi	-
russia-terra-nera-centrale	wp_vita	-
russia-urali-europei	en	Urals
russia-urali-europei	it	Urali
russia-urali-europei	wp_cibo	-
russia-urali-europei	wp_conn	-
russia-urali-europei	wp_usi	-
russia-urali-europei	wp_vita	-
russia-volga	en	Volga Region
russia-volga	it	Regione del Volga
russia-volga	wp_cibo	-
russia-volga	wp_conn	-
russia-volga	wp_usi	-
russia-volga	wp_vita	-
russia-volga-vjatka	en	Volga Region
russia-volga-vjatka	it	Regione del Volga
russia-volga-vjatka	wp_cibo	-
russia-volga-vjatka	wp_conn	-
russia-volga-vjatka	wp_usi	-
russia-volga-vjatka	wp_vita	-
saint-barthelemy	en	Saint Barthelemy
saint-barthelemy	it	Saint-Barthélemy (collettività d'oltremare)
saint-barthelemy	wp_cibo	-
saint-barthelemy	wp_conn	-
saint-barthelemy	wp_usi	-
saint-barthelemy	wp_vita	-
saint-kitts-nevis	en	Saint Kitts and Nevis
saint-kitts-nevis	it	Saint Kitts e Nevis
saint-kitts-nevis	wp_cibo	-
saint-kitts-nevis	wp_conn	-
saint-kitts-nevis	wp_usi	-
saint-kitts-nevis	wp_vita	-
saint-lucia	en	Saint Lucia
saint-lucia	it	Saint Lucia
saint-lucia	wp_cibo	-
saint-lucia	wp_conn	-
saint-lucia	wp_usi	-
saint-lucia	wp_vita	-
saint-martin	en	Saint Martin
saint-martin	it	Saint Martin
saint-martin	wp_cibo	-
saint-martin	wp_conn	-
saint-martin	wp_usi	-
saint-martin	wp_vita	-
saint-pierre-miquelon	en	Saint Pierre and Miquelon
saint-pierre-miquelon	it	Saint-Pierre e Miquelon
saint-pierre-miquelon	wp_cibo	-
saint-pierre-miquelon	wp_conn	-
saint-pierre-miquelon	wp_usi	-
saint-pierre-miquelon	wp_vita	-
saint-vincent-grenadine	en	Saint Vincent and the Grenadines
saint-vincent-grenadine	it	Saint Vincent e Grenadine
saint-vincent-grenadine	wp_cibo	-
saint-vincent-grenadine	wp_conn	-
saint-vincent-grenadine	wp_usi	-
saint-vincent-grenadine	wp_vita	-
samoa	en	Samoa
samoa	it	Samoa
samoa	wp_cibo	-
samoa	wp_conn	-
samoa	wp_usi	-
samoa	wp_vita	-
samoa-americane	en	American Samoa
samoa-americane	it	Samoa Americane
samoa-americane	wp_cibo	-
samoa-americane	wp_conn	-
samoa-americane	wp_usi	-
samoa-americane	wp_vita	-
san-marino	en	San Marino
san-marino	it	San Marino
san-marino	wp_cibo	Cucina sammarinese
san-marino	wp_conn	Comunicazioni a San Marino
san-marino	wp_usi	-
san-marino	wp_vita	-
sao-tome-principe	en	Sao Tome and Principe
sao-tome-principe	it	São Tomé e Príncipe
sao-tome-principe	wp_cibo	Cucina saotomense
sao-tome-principe	wp_conn	-
sao-tome-principe	wp_usi	-
sao-tome-principe	wp_vita	-
senegal	en	Senegal
senegal	it	Senegal
senegal	wp_cibo	Cucina senegalese
senegal	wp_conn	-
senegal	wp_usi	-
senegal	wp_vita	-
serbia	en	Serbia
serbia	it	Serbia
serbia	wp_cibo	Cucina serba
serbia	wp_conn	-
serbia	wp_usi	-
serbia	wp_vita	Media in Serbia
seychelles	en	Seychelles
seychelles	it	Seychelles
seychelles	wp_cibo	Cucina seychellese
seychelles	wp_conn	-
seychelles	wp_usi	-
seychelles	wp_vita	-
sierra-leone	en	Sierra Leone
sierra-leone	it	Sierra Leone
sierra-leone	wp_cibo	Cucina sierraleonese
sierra-leone	wp_conn	-
sierra-leone	wp_usi	-
sierra-leone	wp_vita	-
singapore	en	Singapore
singapore	it	Singapore
singapore	wp_cibo	Cucina singaporiana
singapore	wp_conn	-
singapore	wp_usi	-
singapore	wp_vita	-
sint-eustatius-saba	en	Sint Eustatius
sint-eustatius-saba	it	Sint Eustatius
sint-eustatius-saba	wp_cibo	-
sint-eustatius-saba	wp_conn	-
sint-eustatius-saba	wp_usi	-
sint-eustatius-saba	wp_vita	-
sint-maarten	en	Saint Martin
sint-maarten	it	Saint Martin
sint-maarten	wp_cibo	-
sint-maarten	wp_conn	-
sint-maarten	wp_usi	-
sint-maarten	wp_vita	-
siria	en	Syria
siria	it	Siria
siria	wp_cibo	Cucina siriana
siria	wp_conn	-
siria	wp_usi	-
siria	wp_vita	-
slovacchia	en	Slovakia
slovacchia	it	Slovacchia
slovacchia	wp_cibo	Cucina slovacca
slovacchia	wp_conn	-
slovacchia	wp_usi	-
slovacchia	wp_vita	-
slovenia	en	Slovenia
slovenia	it	Slovenia
slovenia	wp_cibo	Cucina slovena
slovenia	wp_conn	-
slovenia	wp_usi	-
slovenia	wp_vita	-
somalia	en	Somalia
somalia	it	Somalia
somalia	wp_cibo	Cucina somala
somalia	wp_conn	-
somalia	wp_usi	-
somalia	wp_vita	-
spagna	en	Spain
spagna	it	Spagna
spagna	wp_cibo	Cucina spagnola
spagna	wp_conn	-
spagna	wp_usi	-
spagna	wp_vita	-
sri-lanka	en	Sri Lanka
sri-lanka	it	Sri Lanka
sri-lanka	wp_cibo	Cucina singalese
sri-lanka	wp_conn	-
sri-lanka	wp_usi	Cultura dello Sri Lanka
sri-lanka	wp_vita	-
stati-uniti-alabama	en	Alabama
stati-uniti-alabama	it	Alabama
stati-uniti-alabama	wp_cibo	-
stati-uniti-alabama	wp_conn	-
stati-uniti-alabama	wp_usi	-
stati-uniti-alabama	wp_vita	-
stati-uniti-alaska	en	Alaska
stati-uniti-alaska	it	Alaska
stati-uniti-alaska	wp_cibo	-
stati-uniti-alaska	wp_conn	-
stati-uniti-alaska	wp_usi	-
stati-uniti-alaska	wp_vita	-
stati-uniti-arizona	en	Arizona
stati-uniti-arizona	it	Arizona
stati-uniti-arizona	wp_cibo	-
stati-uniti-arizona	wp_conn	-
stati-uniti-arizona	wp_usi	-
stati-uniti-arizona	wp_vita	-
stati-uniti-arkansas	en	Arkansas
stati-uniti-arkansas	it	Arkansas
stati-uniti-arkansas	wp_cibo	-
stati-uniti-arkansas	wp_conn	-
stati-uniti-arkansas	wp_usi	-
stati-uniti-arkansas	wp_vita	-
stati-uniti-california	en	California
stati-uniti-california	it	California
stati-uniti-california	wp_cibo	-
stati-uniti-california	wp_conn	-
stati-uniti-california	wp_usi	-
stati-uniti-california	wp_vita	-
stati-uniti-carolina-del-nord	en	North Carolina
stati-uniti-carolina-del-nord	it	Carolina del Nord
stati-uniti-carolina-del-nord	wp_cibo	-
stati-uniti-carolina-del-nord	wp_conn	-
stati-uniti-carolina-del-nord	wp_usi	-
stati-uniti-carolina-del-nord	wp_vita	-
stati-uniti-carolina-del-sud	en	South Carolina
stati-uniti-carolina-del-sud	it	Carolina del Sud
stati-uniti-carolina-del-sud	wp_cibo	-
stati-uniti-carolina-del-sud	wp_conn	-
stati-uniti-carolina-del-sud	wp_usi	-
stati-uniti-carolina-del-sud	wp_vita	-
stati-uniti-colorado	en	Colorado
stati-uniti-colorado	it	Colorado
stati-uniti-colorado	wp_cibo	-
stati-uniti-colorado	wp_conn	-
stati-uniti-colorado	wp_usi	-
stati-uniti-colorado	wp_vita	-
stati-uniti-connecticut	en	Connecticut
stati-uniti-connecticut	it	Connecticut
stati-uniti-connecticut	wp_cibo	-
stati-uniti-connecticut	wp_conn	-
stati-uniti-connecticut	wp_usi	-
stati-uniti-connecticut	wp_vita	-
stati-uniti-dakota-del-nord	en	North Dakota
stati-uniti-dakota-del-nord	it	Dakota del Nord
stati-uniti-dakota-del-nord	wp_cibo	-
stati-uniti-dakota-del-nord	wp_conn	-
stati-uniti-dakota-del-nord	wp_usi	-
stati-uniti-dakota-del-nord	wp_vita	-
stati-uniti-dakota-del-sud	en	South Dakota
stati-uniti-dakota-del-sud	it	Dakota del Sud
stati-uniti-dakota-del-sud	wp_cibo	-
stati-uniti-dakota-del-sud	wp_conn	-
stati-uniti-dakota-del-sud	wp_usi	-
stati-uniti-dakota-del-sud	wp_vita	-
stati-uniti-delaware	en	Delaware
stati-uniti-delaware	it	Delaware
stati-uniti-delaware	wp_cibo	-
stati-uniti-delaware	wp_conn	-
stati-uniti-delaware	wp_usi	-
stati-uniti-delaware	wp_vita	-
stati-uniti-distretto-di-columbia	en	Washington, D.C.
stati-uniti-distretto-di-columbia	it	Washington
stati-uniti-distretto-di-columbia	wp_cibo	-
stati-uniti-distretto-di-columbia	wp_conn	-
stati-uniti-distretto-di-columbia	wp_usi	-
stati-uniti-distretto-di-columbia	wp_vita	-
stati-uniti-florida	en	Florida
stati-uniti-florida	it	Florida
stati-uniti-florida	wp_cibo	-
stati-uniti-florida	wp_conn	-
stati-uniti-florida	wp_usi	-
stati-uniti-florida	wp_vita	-
stati-uniti-georgia	en	Georgia (U.S. state)
stati-uniti-georgia	it	Georgia (Stati Uniti d'America)
stati-uniti-georgia	wp_cibo	-
stati-uniti-georgia	wp_conn	-
stati-uniti-georgia	wp_usi	-
stati-uniti-georgia	wp_vita	-
stati-uniti-hawaii	en	Hawaii
stati-uniti-hawaii	it	Hawaii
stati-uniti-hawaii	wp_cibo	Cucina hawaiana
stati-uniti-hawaii	wp_conn	-
stati-uniti-hawaii	wp_usi	-
stati-uniti-hawaii	wp_vita	-
stati-uniti-idaho	en	Idaho
stati-uniti-idaho	it	Idaho
stati-uniti-idaho	wp_cibo	-
stati-uniti-idaho	wp_conn	-
stati-uniti-idaho	wp_usi	-
stati-uniti-idaho	wp_vita	-
stati-uniti-illinois	en	Illinois
stati-uniti-illinois	it	Illinois
stati-uniti-illinois	wp_cibo	-
stati-uniti-illinois	wp_conn	-
stati-uniti-illinois	wp_usi	-
stati-uniti-illinois	wp_vita	-
stati-uniti-indiana	en	Indiana
stati-uniti-indiana	it	Indiana
stati-uniti-indiana	wp_cibo	-
stati-uniti-indiana	wp_conn	-
stati-uniti-indiana	wp_usi	-
stati-uniti-indiana	wp_vita	-
stati-uniti-iowa	en	Iowa
stati-uniti-iowa	it	Iowa
stati-uniti-iowa	wp_cibo	-
stati-uniti-iowa	wp_conn	-
stati-uniti-iowa	wp_usi	-
stati-uniti-iowa	wp_vita	-
stati-uniti-kansas	en	Kansas
stati-uniti-kansas	it	Kansas
stati-uniti-kansas	wp_cibo	-
stati-uniti-kansas	wp_conn	-
stati-uniti-kansas	wp_usi	-
stati-uniti-kansas	wp_vita	-
stati-uniti-kentucky	en	Kentucky
stati-uniti-kentucky	it	Kentucky
stati-uniti-kentucky	wp_cibo	-
stati-uniti-kentucky	wp_conn	-
stati-uniti-kentucky	wp_usi	-
stati-uniti-kentucky	wp_vita	-
stati-uniti-louisiana	en	Louisiana
stati-uniti-louisiana	it	Louisiana
stati-uniti-louisiana	wp_cibo	Cucina creola della Louisiana
stati-uniti-louisiana	wp_conn	-
stati-uniti-louisiana	wp_usi	-
stati-uniti-louisiana	wp_vita	-
stati-uniti-maine	en	Maine
stati-uniti-maine	it	Maine
stati-uniti-maine	wp_cibo	-
stati-uniti-maine	wp_conn	-
stati-uniti-maine	wp_usi	-
stati-uniti-maine	wp_vita	-
stati-uniti-maryland	en	Maryland
stati-uniti-maryland	it	Maryland
stati-uniti-maryland	wp_cibo	-
stati-uniti-maryland	wp_conn	-
stati-uniti-maryland	wp_usi	-
stati-uniti-maryland	wp_vita	-
stati-uniti-massachusetts	en	Massachusetts
stati-uniti-massachusetts	it	Massachusetts
stati-uniti-massachusetts	wp_cibo	-
stati-uniti-massachusetts	wp_conn	-
stati-uniti-massachusetts	wp_usi	-
stati-uniti-massachusetts	wp_vita	-
stati-uniti-michigan	en	Michigan
stati-uniti-michigan	it	Michigan
stati-uniti-michigan	wp_cibo	-
stati-uniti-michigan	wp_conn	-
stati-uniti-michigan	wp_usi	-
stati-uniti-michigan	wp_vita	-
stati-uniti-minnesota	en	Minnesota
stati-uniti-minnesota	it	Minnesota
stati-uniti-minnesota	wp_cibo	-
stati-uniti-minnesota	wp_conn	-
stati-uniti-minnesota	wp_usi	-
stati-uniti-minnesota	wp_vita	-
stati-uniti-mississippi	en	Mississippi
stati-uniti-mississippi	it	Mississippi
stati-uniti-mississippi	wp_cibo	-
stati-uniti-mississippi	wp_conn	-
stati-uniti-mississippi	wp_usi	-
stati-uniti-mississippi	wp_vita	-
stati-uniti-missouri	en	Missouri
stati-uniti-missouri	it	Missouri
stati-uniti-missouri	wp_cibo	-
stati-uniti-missouri	wp_conn	-
stati-uniti-missouri	wp_usi	-
stati-uniti-missouri	wp_vita	-
stati-uniti-montana	en	Montana
stati-uniti-montana	it	Montana
stati-uniti-montana	wp_cibo	-
stati-uniti-montana	wp_conn	-
stati-uniti-montana	wp_usi	-
stati-uniti-montana	wp_vita	-
stati-uniti-nebraska	en	Nebraska
stati-uniti-nebraska	it	Nebraska
stati-uniti-nebraska	wp_cibo	-
stati-uniti-nebraska	wp_conn	-
stati-uniti-nebraska	wp_usi	-
stati-uniti-nebraska	wp_vita	-
stati-uniti-nevada	en	Nevada
stati-uniti-nevada	it	Nevada
stati-uniti-nevada	wp_cibo	-
stati-uniti-nevada	wp_conn	-
stati-uniti-nevada	wp_usi	-
stati-uniti-nevada	wp_vita	-
stati-uniti-new-hampshire	en	New Hampshire
stati-uniti-new-hampshire	it	New Hampshire
stati-uniti-new-hampshire	wp_cibo	-
stati-uniti-new-hampshire	wp_conn	-
stati-uniti-new-hampshire	wp_usi	-
stati-uniti-new-hampshire	wp_vita	-
stati-uniti-new-jersey	en	New Jersey
stati-uniti-new-jersey	it	New Jersey
stati-uniti-new-jersey	wp_cibo	-
stati-uniti-new-jersey	wp_conn	-
stati-uniti-new-jersey	wp_usi	-
stati-uniti-new-jersey	wp_vita	-
stati-uniti-new-york	en	New York (state)
stati-uniti-new-york	it	New York (stato)
stati-uniti-new-york	wp_cibo	-
stati-uniti-new-york	wp_conn	-
stati-uniti-new-york	wp_usi	-
stati-uniti-new-york	wp_vita	-
stati-uniti-nuovo-messico	en	New Mexico
stati-uniti-nuovo-messico	it	Nuovo Messico
stati-uniti-nuovo-messico	wp_cibo	-
stati-uniti-nuovo-messico	wp_conn	-
stati-uniti-nuovo-messico	wp_usi	-
stati-uniti-nuovo-messico	wp_vita	-
stati-uniti-ohio	en	Ohio
stati-uniti-ohio	it	Ohio
stati-uniti-ohio	wp_cibo	-
stati-uniti-ohio	wp_conn	-
stati-uniti-ohio	wp_usi	-
stati-uniti-ohio	wp_vita	-
stati-uniti-oklahoma	en	Oklahoma
stati-uniti-oklahoma	it	Oklahoma
stati-uniti-oklahoma	wp_cibo	-
stati-uniti-oklahoma	wp_conn	-
stati-uniti-oklahoma	wp_usi	-
stati-uniti-oklahoma	wp_vita	-
stati-uniti-oregon	en	Oregon
stati-uniti-oregon	it	Oregon
stati-uniti-oregon	wp_cibo	-
stati-uniti-oregon	wp_conn	-
stati-uniti-oregon	wp_usi	-
stati-uniti-oregon	wp_vita	-
stati-uniti-pennsylvania	en	Pennsylvania
stati-uniti-pennsylvania	it	Pennsylvania
stati-uniti-pennsylvania	wp_cibo	-
stati-uniti-pennsylvania	wp_conn	-
stati-uniti-pennsylvania	wp_usi	-
stati-uniti-pennsylvania	wp_vita	-
stati-uniti-rhode-island	en	Rhode Island
stati-uniti-rhode-island	it	Rhode Island
stati-uniti-rhode-island	wp_cibo	-
stati-uniti-rhode-island	wp_conn	-
stati-uniti-rhode-island	wp_usi	-
stati-uniti-rhode-island	wp_vita	-
stati-uniti-tennessee	en	Tennessee
stati-uniti-tennessee	it	Tennessee
stati-uniti-tennessee	wp_cibo	Cucina degli Stati Uniti meridionali
stati-uniti-tennessee	wp_conn	-
stati-uniti-tennessee	wp_usi	-
stati-uniti-tennessee	wp_vita	-
stati-uniti-texas	en	Texas
stati-uniti-texas	it	Texas
stati-uniti-texas	wp_cibo	-
stati-uniti-texas	wp_conn	-
stati-uniti-texas	wp_usi	Cultura del Texas
stati-uniti-texas	wp_vita	-
stati-uniti-utah	en	Utah
stati-uniti-utah	it	Utah
stati-uniti-utah	wp_cibo	-
stati-uniti-utah	wp_conn	-
stati-uniti-utah	wp_usi	-
stati-uniti-utah	wp_vita	-
stati-uniti-vermont	en	Vermont
stati-uniti-vermont	it	Vermont
stati-uniti-vermont	wp_cibo	-
stati-uniti-vermont	wp_conn	-
stati-uniti-vermont	wp_usi	-
stati-uniti-vermont	wp_vita	-
stati-uniti-virginia	en	Virginia
stati-uniti-virginia	it	Virginia
stati-uniti-virginia	wp_cibo	-
stati-uniti-virginia	wp_conn	-
stati-uniti-virginia	wp_usi	-
stati-uniti-virginia	wp_vita	-
stati-uniti-virginia-occidentale	en	West Virginia
stati-uniti-virginia-occidentale	it	Virginia Occidentale
stati-uniti-virginia-occidentale	wp_cibo	-
stati-uniti-virginia-occidentale	wp_conn	-
stati-uniti-virginia-occidentale	wp_usi	-
stati-uniti-virginia-occidentale	wp_vita	-
stati-uniti-washington	en	Washington (state)
stati-uniti-washington	it	Washington (stato)
stati-uniti-washington	wp_cibo	-
stati-uniti-washington	wp_conn	-
stati-uniti-washington	wp_usi	-
stati-uniti-washington	wp_vita	-
stati-uniti-wisconsin	en	Wisconsin
stati-uniti-wisconsin	it	Wisconsin
stati-uniti-wisconsin	wp_cibo	-
stati-uniti-wisconsin	wp_conn	-
stati-uniti-wisconsin	wp_usi	-
stati-uniti-wisconsin	wp_vita	-
stati-uniti-wyoming	en	Wyoming
stati-uniti-wyoming	it	Wyoming
stati-uniti-wyoming	wp_cibo	-
stati-uniti-wyoming	wp_conn	-
stati-uniti-wyoming	wp_usi	-
stati-uniti-wyoming	wp_vita	-
sud-sudan	en	South Sudan
sud-sudan	it	Sudan del Sud
sud-sudan	wp_cibo	Cucina sudsudanese
sud-sudan	wp_conn	-
sud-sudan	wp_usi	-
sud-sudan	wp_vita	-
sudafrica	en	South Africa
sudafrica	it	Sudafrica
sudafrica	wp_cibo	Cucina sudafricana
sudafrica	wp_conn	-
sudafrica	wp_usi	-
sudafrica	wp_vita	-
sudan	en	Sudan
sudan	it	Sudan
sudan	wp_cibo	Cucina sudanese
sudan	wp_conn	-
sudan	wp_usi	-
sudan	wp_vita	Media in Sudan
suriname	en	Suriname
suriname	it	Suriname
suriname	wp_cibo	-
suriname	wp_conn	-
suriname	wp_usi	-
suriname	wp_vita	-
svalbard-jan-mayen	en	Svalbard
svalbard-jan-mayen	it	Isole Svalbard
svalbard-jan-mayen	wp_cibo	-
svalbard-jan-mayen	wp_conn	-
svalbard-jan-mayen	wp_usi	-
svalbard-jan-mayen	wp_vita	-
svezia	en	Sweden
svezia	it	Svezia
svezia	wp_cibo	Cucina svedese
svezia	wp_conn	-
svezia	wp_usi	-
svezia	wp_vita	-
svizzera	en	Switzerland
svizzera	it	Svizzera
svizzera	wp_cibo	Cucina svizzera
svizzera	wp_conn	-
svizzera	wp_usi	-
svizzera	wp_vita	-
tagikistan	en	Tajikistan
tagikistan	it	Tagikistan
tagikistan	wp_cibo	Cucina tagika
tagikistan	wp_conn	-
tagikistan	wp_usi	-
tagikistan	wp_vita	-
taiwan	en	Taiwan
taiwan	it	Taiwan
taiwan	wp_cibo	Cucina taiwanese
taiwan	wp_conn	-
taiwan	wp_usi	Cultura di Taiwan
taiwan	wp_vita	-
tanzania	en	Tanzania
tanzania	it	Tanzania
tanzania	wp_cibo	-
tanzania	wp_conn	-
tanzania	wp_usi	-
tanzania	wp_vita	-
thailandia	en	Thailand
thailandia	it	Thailandia
thailandia	wp_cibo	Cucina thailandese
thailandia	wp_conn	-
thailandia	wp_usi	-
thailandia	wp_vita	-
timor-est	en	East Timor
timor-est	it	Timor Est
timor-est	wp_cibo	Cucina di Timor Est
timor-est	wp_conn	-
timor-est	wp_usi	-
timor-est	wp_vita	-
togo	en	Togo
togo	it	Togo
togo	wp_cibo	Cucina togolese
togo	wp_conn	-
togo	wp_usi	-
togo	wp_vita	-
tokelau	en	Tokelau
tokelau	it	Tokelau
tokelau	wp_cibo	-
tokelau	wp_conn	-
tokelau	wp_usi	-
tokelau	wp_vita	-
tonga	en	Tonga
tonga	it	Tonga
tonga	wp_cibo	-
tonga	wp_conn	-
tonga	wp_usi	-
tonga	wp_vita	-
trinidad-tobago	en	Trinidad and Tobago
trinidad-tobago	it	Trinidad e Tobago
trinidad-tobago	wp_cibo	Cucina trinidadiana
trinidad-tobago	wp_conn	-
trinidad-tobago	wp_usi	-
trinidad-tobago	wp_vita	-
tunisia	en	Tunisia
tunisia	it	Tunisia
tunisia	wp_cibo	Cucina tunisina
tunisia	wp_conn	-
tunisia	wp_usi	-
tunisia	wp_vita	-
turchia	en	Turkey
turchia	it	Turchia
turchia	wp_cibo	Cucina turca
turchia	wp_conn	-
turchia	wp_usi	Cultura della Turchia
turchia	wp_vita	Media in Turchia
turkmenistan	en	Turkmenistan
turkmenistan	it	Turkmenistan
turkmenistan	wp_cibo	Cucina turkmena
turkmenistan	wp_conn	-
turkmenistan	wp_usi	-
turkmenistan	wp_vita	-
turks-caicos	en	Turks and Caicos Islands
turks-caicos	it	Turks e Caicos
turks-caicos	wp_cibo	-
turks-caicos	wp_conn	-
turks-caicos	wp_usi	-
turks-caicos	wp_vita	-
tuvalu	en	Tuvalu
tuvalu	it	Tuvalu
tuvalu	wp_cibo	-
tuvalu	wp_conn	-
tuvalu	wp_usi	-
tuvalu	wp_vita	-
ucraina	en	Ukraine
ucraina	it	Ucraina
ucraina	wp_cibo	Cucina ucraina
ucraina	wp_conn	-
ucraina	wp_usi	Cultura dell'Ucraina
ucraina	wp_vita	-
uganda	en	Uganda
uganda	it	Uganda
uganda	wp_cibo	Cucina ugandese
uganda	wp_conn	-
uganda	wp_usi	-
uganda	wp_vita	-
ungheria	en	Hungary
ungheria	it	Ungheria
ungheria	wp_cibo	Cucina ungherese
ungheria	wp_conn	-
ungheria	wp_usi	-
ungheria	wp_vita	-
uruguay	en	Uruguay
uruguay	it	Uruguay
uruguay	wp_cibo	Cucina uruguaiana
uruguay	wp_conn	-
uruguay	wp_usi	-
uruguay	wp_vita	-
uzbekistan	en	Uzbekistan
uzbekistan	it	Uzbekistan
uzbekistan	wp_cibo	Cucina uzbeka
uzbekistan	wp_conn	-
uzbekistan	wp_usi	-
uzbekistan	wp_vita	-
vanuatu	en	Vanuatu
vanuatu	it	Vanuatu
vanuatu	wp_cibo	-
vanuatu	wp_conn	-
vanuatu	wp_usi	-
vanuatu	wp_vita	-
venezuela	en	Venezuela
venezuela	it	Venezuela
venezuela	wp_cibo	Cucina venezuelana
venezuela	wp_conn	-
venezuela	wp_usi	-
venezuela	wp_vita	-
vietnam	en	Vietnam
vietnam	it	Vietnam
vietnam	wp_cibo	Cucina vietnamita
vietnam	wp_conn	-
vietnam	wp_usi	-
vietnam	wp_vita	-
wallis-futuna	en	Wallis and Futuna
wallis-futuna	it	Wallis e Futuna
wallis-futuna	wp_cibo	-
wallis-futuna	wp_conn	-
wallis-futuna	wp_usi	-
wallis-futuna	wp_vita	-
yemen	en	Yemen
yemen	it	Yemen
yemen	wp_cibo	Cucina yemenita
yemen	wp_conn	-
yemen	wp_usi	-
yemen	wp_vita	-
zambia	en	Zambia
zambia	it	Zambia
zambia	wp_cibo	Cucina zambiana
zambia	wp_conn	-
zambia	wp_usi	-
zambia	wp_vita	-
zimbabwe	en	Zimbabwe
zimbabwe	it	Zimbabwe
zimbabwe	wp_cibo	-
zimbabwe	wp_conn	-
zimbabwe	wp_usi	-
zimbabwe	wp_vita	-
